Metric,HMR,Standard
Pearson's r:,0.8585781959523476,0.6647147990699602
p-value:,0.0003496409108205,0.018361999650727233
RMSE:,3.1136239239831136,4.075309450813726
MAE:,2.48483,3.323114166666667
Mean STD:,3.3574309367687296,1.7916947199657682
t-statistic:,0.38412576589599506,-0.15278622604660055
p-value:,0.7082068713603955,0.8813334220015911
